frame,mode,preprocess_ms,threshold_or_post_ms,detect_ms,total_ms,fps,objects,counts
1,yolo,2.176,1.936,68.335,3931.698,0.25,8,"{'car': 7, 'person': 1}"
2,yolo,2.493,2.158,47.234,57.194,0.5,9,"{'car': 7, 'traffic light': 1, 'person': 1}"
3,yolo,3.206,1.667,57.722,66.819,0.74,9,"{'car': 8, 'person': 1}"
4,yolo,1.72,1.264,37.294,44.698,0.98,8,"{'car': 7, 'traffic light': 1}"
5,yolo,2.02,1.268,37.185,44.075,1.21,10,"{'car': 8, 'person': 2}"
6,yolo,1.554,1.331,36.81,44.679,1.43,10,"{'car': 8, 'person': 2}"
7,yolo,1.582,1.665,36.085,42.382,1.65,9,"{'car': 8, 'person': 1}"
8,yolo,1.478,1.42,36.652,44.892,1.87,9,"{'car': 8, 'traffic light': 1}"
9,yolo,1.787,1.33,35.578,42.443,2.08,8,"{'car': 7, 'traffic light': 1}"
10,yolo,1.521,1.627,39.262,46.402,2.29,7,"{'car': 6, 'traffic light': 1}"
11,yolo,2.317,1.495,52.585,60.36,2.49,7,"{'car': 6, 'traffic light': 1}"
12,yolo,1.498,1.941,38.484,46.734,2.68,7,"{'car': 6, 'person': 1}"
13,yolo,1.708,1.155,36.437,42.546,2.88,8,"{'car': 6, 'person': 1, 'traffic light': 1}"
14,yolo,1.583,1.606,37.655,44.905,3.07,8,"{'car': 6, 'person': 1, 'traffic light': 1}"
15,yolo,1.914,1.261,38.998,45.569,3.26,8,"{'car': 7, 'person': 1}"
16,yolo,1.731,1.615,38.961,47.522,3.44,9,"{'car': 7, 'person': 1, 'traffic light': 1}"
17,yolo,1.659,1.062,33.306,39.066,3.62,9,"{'car': 7, 'traffic light': 1, 'person': 1}"
18,yolo,1.694,1.123,32.47,38.438,3.81,8,"{'car': 7, 'person': 1}"
19,yolo,1.701,1.126,34.744,40.763,3.98,9,"{'car': 7, 'person': 1, 'traffic light': 1}"
20,yolo,1.487,1.476,33.461,40.662,4.16,9,"{'car': 7, 'traffic light': 1, 'person': 1}"
21,yolo,1.815,1.209,33.556,39.915,4.33,9,"{'car': 7, 'person': 2}"
22,yolo,1.316,1.093,33.485,40.812,4.5,9,"{'car': 7, 'traffic light': 1, 'person': 1}"
23,yolo,1.642,1.207,33.67,40.333,4.66,8,"{'car': 6, 'traffic light': 1, 'person': 1}"
24,yolo,1.41,1.144,36.922,42.424,4.82,6,{'car': 6}
25,yolo,1.53,1.11,34.344,39.817,4.98,7,{'car': 7}
26,yolo,1.378,0.988,32.671,37.712,5.15,6,{'car': 6}
27,yolo,1.564,1.477,35.405,42.306,5.3,6,{'car': 6}
28,yolo,1.586,1.516,36.914,42.615,5.45,5,{'car': 5}
29,yolo,1.606,1.032,32.726,38.208,5.6,7,{'car': 7}
30,yolo,1.361,1.285,32.417,38.115,5.75,7,"{'car': 6, 'traffic light': 1}"
31,yolo,1.605,1.325,32.618,39.166,22.7,9,"{'car': 8, 'traffic light': 1}"
32,yolo,1.41,1.048,31.64,37.977,23.04,7,"{'car': 6, 'person': 1}"
33,yolo,1.557,0.98,32.324,37.286,23.57,5,{'car': 5}
34,yolo,1.456,0.984,31.413,36.447,23.72,7,"{'car': 5, 'person': 1, 'traffic light': 1}"
35,yolo,1.431,1.385,31.817,37.164,23.85,5,{'car': 5}
36,yolo,1.469,1.445,32.905,38.688,23.97,6,"{'car': 5, 'person': 1}"
37,yolo,1.703,1.526,32.511,38.409,24.04,5,{'car': 5}
38,yolo,1.404,1.614,36.197,43.58,24.07,7,"{'car': 6, 'person': 1}"
39,yolo,1.732,1.587,33.56,39.77,24.12,7,"{'car': 6, 'person': 1}"
40,yolo,1.36,1.501,35.487,41.883,24.21,8,"{'car': 6, 'person': 2}"
41,yolo,1.447,1.802,33.148,39.84,24.62,7,"{'car': 6, 'person': 1}"
42,yolo,1.471,1.47,36.247,44.018,24.67,8,"{'car': 6, 'person': 2}"
43,yolo,1.604,1.487,37.246,43.362,24.66,8,"{'car': 5, 'person': 3}"
44,yolo,1.345,1.142,34.527,39.993,24.76,7,"{'car': 5, 'person': 2}"
45,yolo,1.375,1.501,34.563,40.332,24.86,6,"{'car': 4, 'person': 2}"
46,yolo,1.454,1.315,35.031,41.491,24.99,6,"{'car': 4, 'person': 2}"
47,yolo,1.638,1.446,32.93,39.385,24.98,6,"{'car': 4, 'person': 2}"
48,yolo,1.369,1.2,31.159,36.293,25.03,6,"{'car': 4, 'person': 2}"
49,yolo,1.523,1.145,32.62,38.95,25.06,8,"{'car': 4, 'person': 2, 'traffic light': 2}"
50,yolo,1.605,0.998,30.987,36.353,25.15,8,"{'car': 4, 'person': 2, 'traffic light': 1, 'train': 1}"
51,yolo,1.605,1.134,30.598,36.23,25.23,7,"{'car': 4, 'person': 2, 'traffic light': 1}"
52,yolo,1.383,1.296,30.002,36.883,25.32,8,"{'car': 4, 'person': 3, 'traffic light': 1}"
53,yolo,1.711,1.194,32.371,38.328,25.36,9,"{'car': 5, 'person': 3, 'traffic light': 1}"
54,yolo,1.417,1.042,30.953,36.434,25.49,10,"{'car': 6, 'person': 3, 'traffic light': 1}"
55,yolo,1.395,1.196,32.757,38.504,25.52,11,"{'car': 6, 'person': 4, 'traffic light': 1}"
56,yolo,1.392,0.976,33.061,38.399,25.5,12,"{'car': 7, 'person': 4, 'traffic light': 1}"
57,yolo,1.43,1.568,34.098,40.383,25.54,12,"{'car': 7, 'person': 4, 'traffic light': 1}"
58,yolo,1.524,1.176,35.188,42.576,25.54,13,"{'car': 8, 'person': 4, 'traffic light': 1}"
59,yolo,1.682,1.549,36.919,43.987,25.42,15,"{'car': 8, 'person': 5, 'traffic light': 1, 'bicycle': 1}"
60,yolo,1.567,1.134,34.359,40.444,25.37,12,"{'car': 7, 'person': 3, 'traffic light': 2}"
61,yolo,1.511,1.216,36.487,42.737,25.29,13,"{'car': 7, 'person': 5, 'traffic light': 1}"
62,yolo,1.683,1.141,36.411,43.951,25.17,14,"{'car': 6, 'person': 6, 'traffic light': 2}"
63,yolo,1.735,1.602,33.406,40.262,25.1,11,"{'car': 5, 'person': 5, 'traffic light': 1}"
64,yolo,1.439,1.162,35.276,40.845,25.01,14,"{'car': 7, 'person': 6, 'traffic light': 1}"
65,yolo,1.521,1.067,36.171,42.01,24.91,14,"{'car': 7, 'person': 6, 'traffic light': 1}"
66,yolo,1.699,1.389,34.62,42.551,24.83,13,"{'car': 6, 'person': 6, 'traffic light': 1}"
67,yolo,2.059,1.561,35.056,42.059,24.76,14,"{'car': 7, 'person': 6, 'traffic light': 1}"
68,yolo,1.724,1.643,36.26,43.467,24.76,15,"{'car': 8, 'person': 6, 'traffic light': 1}"
69,yolo,1.479,1.16,32.916,39.015,24.77,13,"{'car': 7, 'person': 5, 'traffic light': 1}"
70,yolo,1.443,1.086,33.354,39.359,24.83,14,"{'car': 7, 'person': 6, 'traffic light': 1}"
71,yolo,1.658,1.187,34.452,42.334,24.77,13,"{'car': 6, 'person': 6, 'traffic light': 1}"
72,yolo,1.811,1.036,35.856,41.954,24.82,13,"{'person': 6, 'car': 6, 'traffic light': 1}"
73,yolo,1.56,1.075,36.41,42.233,24.84,13,"{'person': 6, 'car': 6, 'traffic light': 1}"
74,yolo,1.551,1.221,36.508,42.459,24.79,12,"{'car': 6, 'person': 5, 'traffic light': 1}"
75,yolo,1.389,1.107,36.866,44.535,24.7,13,"{'car': 6, 'person': 6, 'traffic light': 1}"
76,yolo,1.971,1.174,35.991,42.827,24.68,14,"{'car': 7, 'person': 6, 'traffic light': 1}"
77,yolo,1.636,1.002,34.055,39.775,24.67,12,"{'car': 6, 'person': 5, 'traffic light': 1}"
78,yolo,1.698,1.67,36.115,43.098,24.53,13,"{'car': 7, 'person': 5, 'traffic light': 1}"
79,yolo,1.569,1.005,33.273,40.156,24.51,12,"{'car': 6, 'person': 5, 'traffic light': 1}"
80,yolo,1.691,1.153,35.497,41.56,24.4,12,"{'car': 6, 'person': 5, 'traffic light': 1}"
81,yolo,1.454,1.538,33.283,39.398,24.34,13,"{'car': 7, 'person': 5, 'traffic light': 1}"
82,yolo,1.423,1.443,34.537,40.809,24.26,13,"{'car': 7, 'person': 5, 'traffic light': 1}"
83,yolo,1.394,1.45,32.475,38.762,24.25,15,"{'car': 7, 'person': 6, 'traffic light': 2}"
84,yolo,1.544,1.134,32.457,39.68,24.19,13,"{'car': 6, 'person': 6, 'traffic light': 1}"
85,yolo,2.117,1.109,31.043,37.869,24.2,13,"{'car': 6, 'person': 6, 'traffic light': 1}"
86,yolo,1.363,1.206,34.479,40.653,24.16,14,"{'car': 6, 'person': 6, 'traffic light': 2}"
87,yolo,1.294,1.201,32.489,38.707,24.19,14,"{'car': 6, 'person': 6, 'traffic light': 2}"
88,yolo,1.262,1.494,35.762,42.703,24.19,15,"{'car': 6, 'person': 7, 'traffic light': 2}"
89,yolo,1.468,1.179,34.174,41.502,24.24,15,"{'car': 6, 'person': 6, 'traffic light': 3}"
90,yolo,1.683,1.353,35.653,42.227,24.2,16,"{'car': 6, 'person': 7, 'traffic light': 3}"
91,yolo,1.536,1.075,35.163,41.406,24.23,16,"{'car': 6, 'person': 6, 'traffic light': 4}"
92,yolo,1.528,1.122,33.768,39.982,24.31,15,"{'car': 6, 'person': 6, 'traffic light': 3}"
93,yolo,1.578,1.871,33.239,40.268,24.31,16,"{'car': 6, 'person': 7, 'traffic light': 3}"
94,yolo,1.578,1.737,34.584,42.702,24.27,15,"{'person': 7, 'car': 6, 'traffic light': 2}"
95,yolo,1.628,1.089,32.506,38.281,24.34,13,"{'car': 6, 'person': 5, 'traffic light': 2}"
96,yolo,1.466,1.15,31.939,38.097,24.43,15,"{'car': 6, 'person': 6, 'traffic light': 3}"
97,yolo,1.388,1.492,32.226,38.445,24.5,15,"{'car': 6, 'person': 6, 'traffic light': 3}"
98,yolo,1.317,1.122,32.251,38.204,24.61,14,"{'car': 6, 'person': 6, 'traffic light': 2}"
99,yolo,1.552,1.442,31.904,38.577,24.62,14,"{'car': 7, 'traffic light': 2, 'person': 5}"
